{
	"year": [{
			"Fatal_Crashes_Under_Speed_Limit_30_35_Mph": 6099,
			"Fatal_Crashes_Under_Speed_Limit_40_45_Mph": 4276,
			"Fatal_Crashes_Under_Speed_Limit_50_Mph": 2241,
			"Fatal_Crashes_Under_Speed_Limit_55_Mph": 16094,
			"Fatal_Crashes_Under_Speed_Limit_55_Mph_Above": 16095,
			"Fatal_Crashes_Under_Speed_Limit_60_Mph": 0,
			"Fatal_Crashes_Under_Speed_Limit_65_Mph": 1,
			"Fatal_Crashes_Under_Speed_Limit_70_Mph": 0,
			"Fatal_Crashes_Under_Speed_Limit_Under_55_Mph": 15233,
			"Fatal_Crashes_Under_Speed_Limit_Unknown": 7833,
			"Fatal_Crashes_Under_Speed_No_Statutory_Limit": 2617,
			"Fatal_Crashes_Under_Speed_Over_70_Mph": 0,
			"Total_Fatal_Crashes": 39161,
			"Year": "1975-01-08"
		},
		{
			"Fatal_Crashes_Under_Speed_Limit_30_35_Mph": 8527,
			"Fatal_Crashes_Under_Speed_Limit_40_45_Mph": 6256,
			"Fatal_Crashes_Under_Speed_Limit_50_Mph": 2431,
			"Fatal_Crashes_Under_Speed_Limit_55_Mph": 20352,
			"Fatal_Crashes_Under_Speed_Limit_55_Mph_Above": 20352,
			"Fatal_Crashes_Under_Speed_Limit_60_Mph": 0,
			"Fatal_Crashes_Under_Speed_Limit_65_Mph": 0,
			"Fatal_Crashes_Under_Speed_Limit_70_Mph": 0,
			"Fatal_Crashes_Under_Speed_Limit_Under_55_Mph": 20079,
			"Fatal_Crashes_Under_Speed_Limit_Unknown": 4853,
			"Fatal_Crashes_Under_Speed_No_Statutory_Limit": 2865,
			"Fatal_Crashes_Under_Speed_Over_70_Mph": 0,
			"Total_Fatal_Crashes": 45284,
			"Year": "1980-01-08"
		},
		{
			"Fatal_Crashes_Under_Speed_Limit_30_35_Mph": 7890,
			"Fatal_Crashes_Under_Speed_Limit_40_45_Mph": 6812,
			"Fatal_Crashes_Under_Speed_Limit_50_Mph": 2072,
			"Fatal_Crashes_Under_Speed_Limit_55_Mph": 18863,
			"Fatal_Crashes_Under_Speed_Limit_55_Mph_Above": 18871,
			"Fatal_Crashes_Under_Speed_Limit_60_Mph": 2,
			"Fatal_Crashes_Under_Speed_Limit_65_Mph": 2,
			"Fatal_Crashes_Under_Speed_Limit_70_Mph": 3,
			"Fatal_Crashes_Under_Speed_Limit_Under_55_Mph": 19278,
			"Fatal_Crashes_Under_Speed_Limit_Unknown": 1047,
			"Fatal_Crashes_Under_Speed_No_Statutory_Limit": 2504,
			"Fatal_Crashes_Under_Speed_Over_70_Mph": 1,
			"Total_Fatal_Crashes": 39196,
			"Year": "1985-01-08"
		},
		{
			"Fatal_Crashes_Under_Speed_Limit_30_35_Mph": 7756,
			"Fatal_Crashes_Under_Speed_Limit_40_45_Mph": 7092,
			"Fatal_Crashes_Under_Speed_Limit_50_Mph": 2054,
			"Fatal_Crashes_Under_Speed_Limit_55_Mph": 17556,
			"Fatal_Crashes_Under_Speed_Limit_55_Mph_Above": 19749,
			"Fatal_Crashes_Under_Speed_Limit_60_Mph": 18,
			"Fatal_Crashes_Under_Speed_Limit_65_Mph": 2175,
			"Fatal_Crashes_Under_Speed_Limit_70_Mph": 0,
			"Fatal_Crashes_Under_Speed_Limit_Under_55_Mph": 19136,
			"Fatal_Crashes_Under_Speed_Limit_Unknown": 951,
			"Fatal_Crashes_Under_Speed_No_Statutory_Limit": 2234,
			"Fatal_Crashes_Under_Speed_Over_70_Mph": 0,
			"Total_Fatal_Crashes": 39836,
			"Year": "1990-01-08"
		},
		{
			"Fatal_Crashes_Under_Speed_Limit_30_35_Mph": 6908,
			"Fatal_Crashes_Under_Speed_Limit_40_45_Mph": 6608,
			"Fatal_Crashes_Under_Speed_Limit_50_Mph": 1894,
			"Fatal_Crashes_Under_Speed_Limit_55_Mph": 16543,
			"Fatal_Crashes_Under_Speed_Limit_55_Mph_Above": 18630,
			"Fatal_Crashes_Under_Speed_Limit_60_Mph": 9,
			"Fatal_Crashes_Under_Speed_Limit_65_Mph": 2078,
			"Fatal_Crashes_Under_Speed_Limit_70_Mph": 0,
			"Fatal_Crashes_Under_Speed_Limit_Under_55_Mph": 17507,
			"Fatal_Crashes_Under_Speed_Limit_Unknown": 800,
			"Fatal_Crashes_Under_Speed_No_Statutory_Limit": 2097,
			"Fatal_Crashes_Under_Speed_Over_70_Mph": 0,
			"Total_Fatal_Crashes": 36937,
			"Year": "1991-01-08"
		},
		{
			"Fatal_Crashes_Under_Speed_Limit_30_35_Mph": 6696,
			"Fatal_Crashes_Under_Speed_Limit_40_45_Mph": 6345,
			"Fatal_Crashes_Under_Speed_Limit_50_Mph": 1875,
			"Fatal_Crashes_Under_Speed_Limit_55_Mph": 15444,
			"Fatal_Crashes_Under_Speed_Limit_55_Mph_Above": 17450,
			"Fatal_Crashes_Under_Speed_Limit_60_Mph": 4,
			"Fatal_Crashes_Under_Speed_Limit_65_Mph": 2002,
			"Fatal_Crashes_Under_Speed_Limit_70_Mph": 0,
			"Fatal_Crashes_Under_Speed_Limit_Under_55_Mph": 16827,
			"Fatal_Crashes_Under_Speed_Limit_Unknown": 665,
			"Fatal_Crashes_Under_Speed_No_Statutory_Limit": 1911,
			"Fatal_Crashes_Under_Speed_Over_70_Mph": 0,
			"Total_Fatal_Crashes": 34942,
			"Year": "1992-01-08"
		},
		{
			"Fatal_Crashes_Under_Speed_Limit_30_35_Mph": 6759,
			"Fatal_Crashes_Under_Speed_Limit_40_45_Mph": 6454,
			"Fatal_Crashes_Under_Speed_Limit_50_Mph": 1877,
			"Fatal_Crashes_Under_Speed_Limit_55_Mph": 15980,
			"Fatal_Crashes_Under_Speed_Limit_55_Mph_Above": 18144,
			"Fatal_Crashes_Under_Speed_Limit_60_Mph": 9,
			"Fatal_Crashes_Under_Speed_Limit_65_Mph": 2155,
			"Fatal_Crashes_Under_Speed_Limit_70_Mph": 0,
			"Fatal_Crashes_Under_Speed_Limit_Under_55_Mph": 16985,
			"Fatal_Crashes_Under_Speed_Limit_Unknown": 651,
			"Fatal_Crashes_Under_Speed_No_Statutory_Limit": 1895,
			"Fatal_Crashes_Under_Speed_Over_70_Mph": 0,
			"Total_Fatal_Crashes": 35780,
			"Year": "1993-01-08"
		},
		{
			"Fatal_Crashes_Under_Speed_Limit_30_35_Mph": 6565,
			"Fatal_Crashes_Under_Speed_Limit_40_45_Mph": 6632,
			"Fatal_Crashes_Under_Speed_Limit_50_Mph": 1861,
			"Fatal_Crashes_Under_Speed_Limit_55_Mph": 16512,
			"Fatal_Crashes_Under_Speed_Limit_55_Mph_Above": 18698,
			"Fatal_Crashes_Under_Speed_Limit_60_Mph": 13,
			"Fatal_Crashes_Under_Speed_Limit_65_Mph": 2173,
			"Fatal_Crashes_Under_Speed_Limit_70_Mph": 0,
			"Fatal_Crashes_Under_Speed_Limit_Under_55_Mph": 16948,
			"Fatal_Crashes_Under_Speed_Limit_Unknown": 608,
			"Fatal_Crashes_Under_Speed_No_Statutory_Limit": 1890,
			"Fatal_Crashes_Under_Speed_Over_70_Mph": 0,
			"Total_Fatal_Crashes": 36254,
			"Year": "1994-01-08"
		},
		{
			"Fatal_Crashes_Under_Speed_Limit_30_35_Mph": 6681,
			"Fatal_Crashes_Under_Speed_Limit_40_45_Mph": 6938,
			"Fatal_Crashes_Under_Speed_Limit_50_Mph": 1927,
			"Fatal_Crashes_Under_Speed_Limit_55_Mph": 16753,
			"Fatal_Crashes_Under_Speed_Limit_55_Mph_Above": 19140,
			"Fatal_Crashes_Under_Speed_Limit_60_Mph": 16,
			"Fatal_Crashes_Under_Speed_Limit_65_Mph": 2323,
			"Fatal_Crashes_Under_Speed_Limit_70_Mph": 38,
			"Fatal_Crashes_Under_Speed_Limit_Under_55_Mph": 17439,
			"Fatal_Crashes_Under_Speed_Limit_Unknown": 662,
			"Fatal_Crashes_Under_Speed_No_Statutory_Limit": 1893,
			"Fatal_Crashes_Under_Speed_Over_70_Mph": 10,
			"Total_Fatal_Crashes": 37241,
			"Year": "1995-01-08"
		},
		{
			"Fatal_Crashes_Under_Speed_Limit_30_35_Mph": 6445,
			"Fatal_Crashes_Under_Speed_Limit_40_45_Mph": 7096,
			"Fatal_Crashes_Under_Speed_Limit_50_Mph": 1908,
			"Fatal_Crashes_Under_Speed_Limit_55_Mph": 14097,
			"Fatal_Crashes_Under_Speed_Limit_55_Mph_Above": 19460,
			"Fatal_Crashes_Under_Speed_Limit_60_Mph": 523,
			"Fatal_Crashes_Under_Speed_Limit_65_Mph": 3214,
			"Fatal_Crashes_Under_Speed_Limit_70_Mph": 1282,
			"Fatal_Crashes_Under_Speed_Limit_Under_55_Mph": 17345,
			"Fatal_Crashes_Under_Speed_Limit_Unknown": 689,
			"Fatal_Crashes_Under_Speed_No_Statutory_Limit": 1896,
			"Fatal_Crashes_Under_Speed_Over_70_Mph": 344,
			"Total_Fatal_Crashes": 37494,
			"Year": "1996-01-08"
		},
		{
			"Fatal_Crashes_Under_Speed_Limit_30_35_Mph": 6383,
			"Fatal_Crashes_Under_Speed_Limit_40_45_Mph": 7132,
			"Fatal_Crashes_Under_Speed_Limit_50_Mph": 1788,
			"Fatal_Crashes_Under_Speed_Limit_55_Mph": 12897,
			"Fatal_Crashes_Under_Speed_Limit_55_Mph_Above": 19251,
			"Fatal_Crashes_Under_Speed_Limit_60_Mph": 935,
			"Fatal_Crashes_Under_Speed_Limit_65_Mph": 3311,
			"Fatal_Crashes_Under_Speed_Limit_70_Mph": 1633,
			"Fatal_Crashes_Under_Speed_Limit_Under_55_Mph": 17258,
			"Fatal_Crashes_Under_Speed_Limit_Unknown": 815,
			"Fatal_Crashes_Under_Speed_No_Statutory_Limit": 1955,
			"Fatal_Crashes_Under_Speed_Over_70_Mph": 475,
			"Total_Fatal_Crashes": 37324,
			"Year": "1997-01-08"
		},
		{
			"Fatal_Crashes_Under_Speed_Limit_30_35_Mph": 6025,
			"Fatal_Crashes_Under_Speed_Limit_40_45_Mph": 7349,
			"Fatal_Crashes_Under_Speed_Limit_50_Mph": 1771,
			"Fatal_Crashes_Under_Speed_Limit_55_Mph": 12522,
			"Fatal_Crashes_Under_Speed_Limit_55_Mph_Above": 19333,
			"Fatal_Crashes_Under_Speed_Limit_60_Mph": 1073,
			"Fatal_Crashes_Under_Speed_Limit_65_Mph": 3421,
			"Fatal_Crashes_Under_Speed_Limit_70_Mph": 1835,
			"Fatal_Crashes_Under_Speed_Limit_Under_55_Mph": 17018,
			"Fatal_Crashes_Under_Speed_Limit_Unknown": 756,
			"Fatal_Crashes_Under_Speed_No_Statutory_Limit": 1873,
			"Fatal_Crashes_Under_Speed_Over_70_Mph": 482,
			"Total_Fatal_Crashes": 37107,
			"Year": "1998-01-08"
		},
		{
			"Fatal_Crashes_Under_Speed_Limit_30_35_Mph": 5946,
			"Fatal_Crashes_Under_Speed_Limit_40_45_Mph": 7245,
			"Fatal_Crashes_Under_Speed_Limit_50_Mph": 1909,
			"Fatal_Crashes_Under_Speed_Limit_55_Mph": 12184,
			"Fatal_Crashes_Under_Speed_Limit_55_Mph_Above": 19373,
			"Fatal_Crashes_Under_Speed_Limit_60_Mph": 1069,
			"Fatal_Crashes_Under_Speed_Limit_65_Mph": 3537,
			"Fatal_Crashes_Under_Speed_Limit_70_Mph": 2079,
			"Fatal_Crashes_Under_Speed_Limit_Under_55_Mph": 16963,
			"Fatal_Crashes_Under_Speed_Limit_Unknown": 804,
			"Fatal_Crashes_Under_Speed_No_Statutory_Limit": 1863,
			"Fatal_Crashes_Under_Speed_Over_70_Mph": 504,
			"Total_Fatal_Crashes": 37140,
			"Year": "1999-01-08"
		},
		{
			"Fatal_Crashes_Under_Speed_Limit_30_35_Mph": 6079,
			"Fatal_Crashes_Under_Speed_Limit_40_45_Mph": 7315,
			"Fatal_Crashes_Under_Speed_Limit_50_Mph": 1833,
			"Fatal_Crashes_Under_Speed_Limit_55_Mph": 12143,
			"Fatal_Crashes_Under_Speed_Limit_55_Mph_Above": 19735,
			"Fatal_Crashes_Under_Speed_Limit_60_Mph": 1163,
			"Fatal_Crashes_Under_Speed_Limit_65_Mph": 3686,
			"Fatal_Crashes_Under_Speed_Limit_70_Mph": 2230,
			"Fatal_Crashes_Under_Speed_Limit_Under_55_Mph": 17054,
			"Fatal_Crashes_Under_Speed_Limit_Unknown": 737,
			"Fatal_Crashes_Under_Speed_No_Statutory_Limit": 1827,
			"Fatal_Crashes_Under_Speed_Over_70_Mph": 513,
			"Total_Fatal_Crashes": 37526,
			"Year": "2000-01-08"
		},
		{
			"Fatal_Crashes_Under_Speed_Limit_30_35_Mph": 6260,
			"Fatal_Crashes_Under_Speed_Limit_40_45_Mph": 7576,
			"Fatal_Crashes_Under_Speed_Limit_50_Mph": 1827,
			"Fatal_Crashes_Under_Speed_Limit_55_Mph": 11847,
			"Fatal_Crashes_Under_Speed_Limit_55_Mph_Above": 19416,
			"Fatal_Crashes_Under_Speed_Limit_60_Mph": 1221,
			"Fatal_Crashes_Under_Speed_Limit_65_Mph": 3721,
			"Fatal_Crashes_Under_Speed_Limit_70_Mph": 2116,
			"Fatal_Crashes_Under_Speed_Limit_Under_55_Mph": 17582,
			"Fatal_Crashes_Under_Speed_Limit_Unknown": 864,
			"Fatal_Crashes_Under_Speed_No_Statutory_Limit": 1919,
			"Fatal_Crashes_Under_Speed_Over_70_Mph": 511,
			"Total_Fatal_Crashes": 37862,
			"Year": "2001-01-08"
		},
		{
			"Fatal_Crashes_Under_Speed_Limit_30_35_Mph": 6090,
			"Fatal_Crashes_Under_Speed_Limit_40_45_Mph": 7784,
			"Fatal_Crashes_Under_Speed_Limit_50_Mph": 1880,
			"Fatal_Crashes_Under_Speed_Limit_55_Mph": 12268,
			"Fatal_Crashes_Under_Speed_Limit_55_Mph_Above": 19898,
			"Fatal_Crashes_Under_Speed_Limit_60_Mph": 1270,
			"Fatal_Crashes_Under_Speed_Limit_65_Mph": 3742,
			"Fatal_Crashes_Under_Speed_Limit_70_Mph": 2027,
			"Fatal_Crashes_Under_Speed_Limit_Under_55_Mph": 17651,
			"Fatal_Crashes_Under_Speed_Limit_Unknown": 942,
			"Fatal_Crashes_Under_Speed_No_Statutory_Limit": 1897,
			"Fatal_Crashes_Under_Speed_Over_70_Mph": 591,
			"Total_Fatal_Crashes": 38491,
			"Year": "2002-01-08"
		},
		{
			"Fatal_Crashes_Under_Speed_Limit_30_35_Mph": 5995,
			"Fatal_Crashes_Under_Speed_Limit_40_45_Mph": 7717,
			"Fatal_Crashes_Under_Speed_Limit_50_Mph": 1827,
			"Fatal_Crashes_Under_Speed_Limit_55_Mph": 12155,
			"Fatal_Crashes_Under_Speed_Limit_55_Mph_Above": 19995,
			"Fatal_Crashes_Under_Speed_Limit_60_Mph": 1364,
			"Fatal_Crashes_Under_Speed_Limit_65_Mph": 3848,
			"Fatal_Crashes_Under_Speed_Limit_70_Mph": 2039,
			"Fatal_Crashes_Under_Speed_Limit_Under_55_Mph": 17422,
			"Fatal_Crashes_Under_Speed_Limit_Unknown": 1060,
			"Fatal_Crashes_Under_Speed_No_Statutory_Limit": 1883,
			"Fatal_Crashes_Under_Speed_Over_70_Mph": 589,
			"Total_Fatal_Crashes": 38477,
			"Year": "2003-01-08"
		},
		{
			"Fatal_Crashes_Under_Speed_Limit_30_35_Mph": 6064,
			"Fatal_Crashes_Under_Speed_Limit_40_45_Mph": 7964,
			"Fatal_Crashes_Under_Speed_Limit_50_Mph": 1826,
			"Fatal_Crashes_Under_Speed_Limit_55_Mph": 11893,
			"Fatal_Crashes_Under_Speed_Limit_55_Mph_Above": 19780,
			"Fatal_Crashes_Under_Speed_Limit_60_Mph": 1296,
			"Fatal_Crashes_Under_Speed_Limit_65_Mph": 3856,
			"Fatal_Crashes_Under_Speed_Limit_70_Mph": 2127,
			"Fatal_Crashes_Under_Speed_Limit_Under_55_Mph": 17758,
			"Fatal_Crashes_Under_Speed_Limit_Unknown": 906,
			"Fatal_Crashes_Under_Speed_No_Statutory_Limit": 1904,
			"Fatal_Crashes_Under_Speed_Over_70_Mph": 608,
			"Total_Fatal_Crashes": 38444,
			"Year": "2004-01-08"
		},
		{
			"Fatal_Crashes_Under_Speed_Limit_30_35_Mph": 6337,
			"Fatal_Crashes_Under_Speed_Limit_40_45_Mph": 8359,
			"Fatal_Crashes_Under_Speed_Limit_50_Mph": 1818,
			"Fatal_Crashes_Under_Speed_Limit_55_Mph": 11760,
			"Fatal_Crashes_Under_Speed_Limit_55_Mph_Above": 19857,
			"Fatal_Crashes_Under_Speed_Limit_60_Mph": 1347,
			"Fatal_Crashes_Under_Speed_Limit_65_Mph": 3966,
			"Fatal_Crashes_Under_Speed_Limit_70_Mph": 2198,
			"Fatal_Crashes_Under_Speed_Limit_Under_55_Mph": 18461,
			"Fatal_Crashes_Under_Speed_Limit_Unknown": 934,
			"Fatal_Crashes_Under_Speed_No_Statutory_Limit": 1947,
			"Fatal_Crashes_Under_Speed_Over_70_Mph": 586,
			"Total_Fatal_Crashes": 39252,
			"Year": "2005-01-08"
		},
		{
			"Fatal_Crashes_Under_Speed_Limit_30_35_Mph": 6347,
			"Fatal_Crashes_Under_Speed_Limit_40_45_Mph": 8172,
			"Fatal_Crashes_Under_Speed_Limit_50_Mph": 1836,
			"Fatal_Crashes_Under_Speed_Limit_55_Mph": 11337,
			"Fatal_Crashes_Under_Speed_Limit_55_Mph_Above": 19252,
			"Fatal_Crashes_Under_Speed_Limit_60_Mph": 1359,
			"Fatal_Crashes_Under_Speed_Limit_65_Mph": 3960,
			"Fatal_Crashes_Under_Speed_Limit_70_Mph": 2077,
			"Fatal_Crashes_Under_Speed_Limit_Under_55_Mph": 18327,
			"Fatal_Crashes_Under_Speed_Limit_Unknown": 1069,
			"Fatal_Crashes_Under_Speed_No_Statutory_Limit": 1972,
			"Fatal_Crashes_Under_Speed_Over_70_Mph": 519,
			"Total_Fatal_Crashes": 38648,
			"Year": "2006-01-08"
		},
		{
			"Fatal_Crashes_Under_Speed_Limit_30_35_Mph": 5946,
			"Fatal_Crashes_Under_Speed_Limit_40_45_Mph": 7994,
			"Fatal_Crashes_Under_Speed_Limit_50_Mph": 1773,
			"Fatal_Crashes_Under_Speed_Limit_55_Mph": 10997,
			"Fatal_Crashes_Under_Speed_Limit_55_Mph_Above": 18675,
			"Fatal_Crashes_Under_Speed_Limit_60_Mph": 1332,
			"Fatal_Crashes_Under_Speed_Limit_65_Mph": 3816,
			"Fatal_Crashes_Under_Speed_Limit_70_Mph": 2074,
			"Fatal_Crashes_Under_Speed_Limit_Under_55_Mph": 17767,
			"Fatal_Crashes_Under_Speed_Limit_Unknown": 993,
			"Fatal_Crashes_Under_Speed_No_Statutory_Limit": 2054,
			"Fatal_Crashes_Under_Speed_Over_70_Mph": 456,
			"Total_Fatal_Crashes": 37435,
			"Year": "2007-01-08"
		},
		{
			"Fatal_Crashes_Under_Speed_Limit_30_35_Mph": 5773,
			"Fatal_Crashes_Under_Speed_Limit_40_45_Mph": 7343,
			"Fatal_Crashes_Under_Speed_Limit_50_Mph": 1529,
			"Fatal_Crashes_Under_Speed_Limit_55_Mph": 9820,
			"Fatal_Crashes_Under_Speed_Limit_55_Mph_Above": 16771,
			"Fatal_Crashes_Under_Speed_Limit_60_Mph": 1236,
			"Fatal_Crashes_Under_Speed_Limit_65_Mph": 3424,
			"Fatal_Crashes_Under_Speed_Limit_70_Mph": 1836,
			"Fatal_Crashes_Under_Speed_Limit_Under_55_Mph": 16555,
			"Fatal_Crashes_Under_Speed_Limit_Unknown": 846,
			"Fatal_Crashes_Under_Speed_No_Statutory_Limit": 1910,
			"Fatal_Crashes_Under_Speed_Over_70_Mph": 455,
			"Total_Fatal_Crashes": 34172,
			"Year": "2008-01-08"
		},
		{
			"Fatal_Crashes_Under_Speed_Limit_30_35_Mph": 5141,
			"Fatal_Crashes_Under_Speed_Limit_40_45_Mph": 6679,
			"Fatal_Crashes_Under_Speed_Limit_50_Mph": 1538,
			"Fatal_Crashes_Under_Speed_Limit_55_Mph": 8859,
			"Fatal_Crashes_Under_Speed_Limit_55_Mph_Above": 14990,
			"Fatal_Crashes_Under_Speed_Limit_60_Mph": 1078,
			"Fatal_Crashes_Under_Speed_Limit_65_Mph": 3040,
			"Fatal_Crashes_Under_Speed_Limit_70_Mph": 1629,
			"Fatal_Crashes_Under_Speed_Limit_Under_55_Mph": 15058,
			"Fatal_Crashes_Under_Speed_Limit_Unknown": 814,
			"Fatal_Crashes_Under_Speed_No_Statutory_Limit": 1700,
			"Fatal_Crashes_Under_Speed_Over_70_Mph": 384,
			"Total_Fatal_Crashes": 30862,
			"Year": "2009-01-08"
		},
		{
			"Fatal_Crashes_Under_Speed_Limit_30_35_Mph": 5310,
			"Fatal_Crashes_Under_Speed_Limit_40_45_Mph": 6833,
			"Fatal_Crashes_Under_Speed_Limit_50_Mph": 1468,
			"Fatal_Crashes_Under_Speed_Limit_55_Mph": 8875,
			"Fatal_Crashes_Under_Speed_Limit_55_Mph_Above": 15082,
			"Fatal_Crashes_Under_Speed_Limit_60_Mph": 1065,
			"Fatal_Crashes_Under_Speed_Limit_65_Mph": 3063,
			"Fatal_Crashes_Under_Speed_Limit_70_Mph": 1709,
			"Fatal_Crashes_Under_Speed_Limit_Under_55_Mph": 15541,
			"Fatal_Crashes_Under_Speed_Limit_Unknown": 1302,
			"Fatal_Crashes_Under_Speed_No_Statutory_Limit": 1930,
			"Fatal_Crashes_Under_Speed_Over_70_Mph": 370,
			"Total_Fatal_Crashes": 31925,
			"Year": "2010-01-08"
		},
		{
			"Fatal_Crashes_Under_Speed_Limit_30_35_Mph": 5297,
			"Fatal_Crashes_Under_Speed_Limit_40_45_Mph": 6780,
			"Fatal_Crashes_Under_Speed_Limit_50_Mph": 1444,
			"Fatal_Crashes_Under_Speed_Limit_55_Mph": 8574,
			"Fatal_Crashes_Under_Speed_Limit_55_Mph_Above": 14642,
			"Fatal_Crashes_Under_Speed_Limit_60_Mph": 1059,
			"Fatal_Crashes_Under_Speed_Limit_65_Mph": 2898,
			"Fatal_Crashes_Under_Speed_Limit_70_Mph": 1711,
			"Fatal_Crashes_Under_Speed_Limit_Under_55_Mph": 15476,
			"Fatal_Crashes_Under_Speed_Limit_Unknown": 1352,
			"Fatal_Crashes_Under_Speed_No_Statutory_Limit": 1955,
			"Fatal_Crashes_Under_Speed_Over_70_Mph": 400,
			"Total_Fatal_Crashes": 31470,
			"Year": "2011-01-08"
		},
		{
			"Fatal_Crashes_Under_Speed_Limit_30_35_Mph": 5552,
			"Fatal_Crashes_Under_Speed_Limit_40_45_Mph": 7206,
			"Fatal_Crashes_Under_Speed_Limit_50_Mph": 1524,
			"Fatal_Crashes_Under_Speed_Limit_55_Mph": 8803,
			"Fatal_Crashes_Under_Speed_Limit_55_Mph_Above": 14883,
			"Fatal_Crashes_Under_Speed_Limit_60_Mph": 1062,
			"Fatal_Crashes_Under_Speed_Limit_65_Mph": 2641,
			"Fatal_Crashes_Under_Speed_Limit_70_Mph": 1820,
			"Fatal_Crashes_Under_Speed_Limit_Under_55_Mph": 16383,
			"Fatal_Crashes_Under_Speed_Limit_Unknown": 1332,
			"Fatal_Crashes_Under_Speed_No_Statutory_Limit": 2101,
			"Fatal_Crashes_Under_Speed_Over_70_Mph": 557,
			"Total_Fatal_Crashes": 32598,
			"Year": "2012-01-08"
		},
		{
			"Fatal_Crashes_Under_Speed_Limit_30_35_Mph": 5407,
			"Fatal_Crashes_Under_Speed_Limit_40_45_Mph": 7053,
			"Fatal_Crashes_Under_Speed_Limit_50_Mph": 1530,
			"Fatal_Crashes_Under_Speed_Limit_55_Mph": 8320,
			"Fatal_Crashes_Under_Speed_Limit_55_Mph_Above": 14401,
			"Fatal_Crashes_Under_Speed_Limit_60_Mph": 1057,
			"Fatal_Crashes_Under_Speed_Limit_65_Mph": 2666,
			"Fatal_Crashes_Under_Speed_Limit_70_Mph": 1575,
			"Fatal_Crashes_Under_Speed_Limit_Under_55_Mph": 16062,
			"Fatal_Crashes_Under_Speed_Limit_Unknown": 1455,
			"Fatal_Crashes_Under_Speed_No_Statutory_Limit": 2072,
			"Fatal_Crashes_Under_Speed_Over_70_Mph": 783,
			"Total_Fatal_Crashes": 31918,
			"Year": "2013-01-08"
		},
		{
			"Fatal_Crashes_Under_Speed_Limit_30_35_Mph": 5286,
			"Fatal_Crashes_Under_Speed_Limit_40_45_Mph": 7005,
			"Fatal_Crashes_Under_Speed_Limit_50_Mph": 1394,
			"Fatal_Crashes_Under_Speed_Limit_55_Mph": 8141,
			"Fatal_Crashes_Under_Speed_Limit_55_Mph_Above": 14420,
			"Fatal_Crashes_Under_Speed_Limit_60_Mph": 1138,
			"Fatal_Crashes_Under_Speed_Limit_65_Mph": 2655,
			"Fatal_Crashes_Under_Speed_Limit_70_Mph": 1609,
			"Fatal_Crashes_Under_Speed_Limit_Under_55_Mph": 15847,
			"Fatal_Crashes_Under_Speed_Limit_Unknown": 1431,
			"Fatal_Crashes_Under_Speed_No_Statutory_Limit": 2162,
			"Fatal_Crashes_Under_Speed_Over_70_Mph": 877,
			"Total_Fatal_Crashes": 31702,
			"Year": "2014-01-08"
		}
	]
}